forks,watchers,contributors,commits,branches,open_issues,closed_issues,open_prs,closed_prs,size,language,has_issues,has_projects,has_downloads,has_wiki,has_pages,stargazers
576,216,12,261,3,82,80,18,40,3152,CSS,True,True,True,False,True,9992
2561,258,10,520,2,2,81,0,7,296644,Jupyter Notebook,True,True,True,True,True,9991
5320,480,75,824,26,21,1035,10,710,61145,C#,True,True,True,True,False,9990
1358,233,180,6063,29,315,2091,37,651,37018,Python,True,False,True,False,False,9990
906,120,184,944,19,233,530,28,366,9437,C,True,True,True,True,False,9987
2412,209,369,10122,34,64,5510,64,5510,51855,Java,False,True,True,True,False,9983
4053,536,117,918,6,82,218,8,180,66509,Jupyter Notebook,True,True,True,True,True,9983
4217,584,95,3933,1,25,19,8,9,5937,C,True,True,True,True,False,9983
982,212,13,230,1,20,52,2,23,1544,C,True,True,True,True,False,9978
752,164,38,604,9,426,2692,51,208,65674,Kotlin,True,True,True,True,True,9978
1407,431,6,93,1,30,49,1,12,174265,Matlab,True,True,True,True,False,9976
2305,218,64,576,27,121,639,23,222,119777,Python,True,True,True,True,True,9976
1444,219,321,4356,311,25,2727,19,1135,12796,Ruby,True,True,False,False,True,9975
1773,266,371,8898,122,27,3298,20,3298,164867,TypeScript,False,False,True,False,True,9972
373,143,32,717,4,37,550,1,232,4407,JavaScript,True,True,True,True,False,9969
424,118,32,719,102,124,256,28,120,3143,JavaScript,True,True,True,True,False,9967
1010,104,1,16,1,98,59,15,4,25460,Python,True,True,True,False,False,9963
475,83,17,91,1,6,24,0,19,6014,,True,True,True,True,False,9961
1559,169,7,66,1,9,20,4,12,23353,,True,False,True,False,False,9962
3052,394,309,16102,33,137,7720,17,4331,105277,Python,True,True,True,False,False,9960
1703,322,13,130,1,90,134,2,15,2497,Lua,True,True,True,True,False,9958
1376,509,171,7807,1,94,3827,46,2136,23949,Shell,True,True,True,True,False,9958
2865,569,35,1371,4,170,182,3,182,35213,Java,False,True,True,True,False,9954
884,228,109,4529,6,746,2511,46,684,38387,C#,True,True,True,False,False,9950
800,164,50,532,6,96,547,22,215,9297,Go,True,True,True,True,False,9949
1157,246,30,3348,22,463,2764,14,386,155413,,True,True,True,True,False,9946
2012,331,5,95,3,129,289,14,25,4257,Objective-C,True,True,True,True,False,9944
511,93,27,1549,3,71,479,1,84,10699,C#,True,False,True,True,True,9939
1579,133,189,1973,44,1015,1820,85,495,34160,Dart,True,True,True,True,True,9936
557,66,152,359,5,119,550,12,302,1348,Go,True,True,True,True,True,9936
640,216,87,6870,595,1015,6551,78,4360,63949,C,True,False,True,True,False,9935
6921,630,209,11042,78,592,4072,81,2264,122776,Java,True,True,True,True,False,9935
370,97,17,256,20,30,299,7,168,7447,Cuda,True,True,True,True,False,9935
1143,271,155,1922,8,431,1940,38,532,4608,JavaScript,True,True,True,True,False,9932
4141,616,71,1598,8,19,1021,4,537,53911,C++,True,True,True,True,True,9931
464,127,71,1399,9,28,2782,2,1444,1021815,Rust,True,False,True,False,True,9929
388,154,17,304,2,85,147,14,95,349,JavaScript,True,True,True,True,False,9928
2196,99,0,2,1,51,38,37,17,109,Python,True,True,True,False,False,9927
1077,346,59,805,15,1,711,0,282,17463,JavaScript,True,True,True,True,True,9921
1299,272,56,591,16,39,879,10,335,3325,Java,True,True,True,True,False,9920
356,206,19,60,4,0,51,0,41,234,,True,True,True,True,False,9919
2018,193,9,1223,8,195,479,4,88,5542,JavaScript,True,True,True,True,False,9918
1147,88,208,821,3,305,1458,19,745,5220,Go,True,True,True,True,False,9914
1130,186,94,619,39,115,811,8,360,36543,Python,True,True,True,False,False,9913
2126,463,171,3092,29,158,2304,15,857,10498,C,True,True,True,False,True,9912
400,68,117,1131,9,189,827,8,426,3911,Haskell,True,True,True,True,True,9911
1274,262,154,5159,7,217,1850,12,1128,386953,C++,True,True,True,True,True,9907
2469,269,3,272,4,27,72,2,29,61324,Python,True,True,True,True,True,9903
823,201,162,2439,11,18,1649,7,673,52998,Python,True,True,True,True,False,9903
3955,357,393,31824,2748,6848,54431,1148,33135,864010,JavaScript,True,True,True,False,True,9903
877,112,118,3194,61,165,4248,12,3118,59068,Go,True,False,True,True,False,9902
1126,49,36,442,1,26,981,0,323,24770,Go,True,True,True,True,False,9901
566,100,160,7332,1443,673,9526,1,7318,79728,OCaml,True,False,True,False,False,9898
51,24,29,189,3,6,44,2,26,337,PHP,True,True,True,False,False,9894
702,144,151,1850,1,99,1028,5,569,13663,TypeScript,True,True,False,False,True,9892
397,154,32,408,2,88,297,7,67,1343,Python,True,False,True,True,False,9890
2306,206,13,214,3,24,195,3,25,359,Python,True,True,True,True,False,9889
1149,404,45,764,13,39,487,7,195,9153,Objective-C,True,True,True,False,True,9889
681,225,5,353,13,2,13,0,9,45025,,True,False,True,False,False,9888
2570,565,27,276,5,65,166,24,65,5145,JavaScript,True,True,True,True,True,9882
910,318,3,122,5,50,12,3,12,5380,Python,False,True,True,False,False,9881
972,200,1,35,1,0,7,0,5,70,,True,True,True,True,False,9881
535,139,29,539,9,93,224,16,75,2915,JavaScript,True,True,True,False,True,9880
1395,82,66,1041,72,171,367,43,214,25444,Jupyter Notebook,True,True,True,False,False,9880
1282,251,96,568,11,123,330,23,249,4110,Rust,True,True,True,True,False,9879
4143,283,22,322,9,180,192,14,74,1058,JavaScript,True,True,True,True,True,9879
905,243,48,946,22,35,426,4,177,2703,Python,True,False,True,False,False,9878
1406,202,16,239,1,55,146,5,41,26509,Java,True,True,True,True,False,9876
2013,502,317,5718,9,526,8372,50,4953,66664,C#,True,True,True,False,True,9875
893,179,133,420,1,63,215,55,205,303,,True,True,True,True,False,9873
1159,225,90,1132,23,247,2144,15,725,20168,Vue,True,True,True,False,False,9872
335,62,49,1999,134,308,3238,25,2248,34433,Rust,True,True,True,True,False,9867
1519,290,349,101331,12,7220,47986,1,1004,1418651,Dart,True,True,True,True,False,9867
499,193,14,112,12,85,267,25,62,149,Shell,True,True,True,True,True,9867
306,43,32,1186,7,97,3264,8,295,130831,Swift,True,False,True,True,False,9862
3662,225,380,7858,8,522,3535,35,2640,48592,ANTLR,True,True,True,True,False,9859
2486,541,328,28133,3,695,6104,101,4017,68115,Python,True,True,True,True,False,9857
413,286,19,91,1,45,37,14,27,329,,True,True,True,True,False,9856
1697,628,47,191,2,49,85,29,74,252,,True,True,True,True,False,9855
791,111,17,600,38,570,570,35,68,12125,TypeScript,True,True,True,True,False,9851
4856,529,310,16064,11,284,8678,52,7574,855329,C,True,True,True,True,False,9850
2495,183,101,3568,6,74,579,44,472,10356,Assembly,True,True,True,True,True,9845
2683,514,12,598,12,88,561,3,46,3181,JavaScript,True,True,True,True,True,9844
2487,253,316,14506,43,1476,9710,293,4699,52418,PHP,True,True,True,False,False,9840
2727,334,124,1863,5,312,2525,18,579,8982,JavaScript,True,True,True,True,True,9838
2985,346,263,13542,57,1580,12460,76,3530,199666,PHP,True,True,True,True,False,9838
1214,210,377,2683,12,248,2195,30,1270,6500,Ruby,True,True,True,False,False,9836
5560,489,15,730,1,1,62,0,34,101978,PHP,True,True,True,True,True,9835
960,117,229,17662,29,95,5050,12,3507,19232,Python,True,True,True,True,False,9835
1066,83,47,1539,20,329,171,19,171,7175,Go,False,True,True,False,False,9832
1634,229,123,6040,51,12,3140,1,421,73998,JavaScript,True,True,True,False,True,9830
1453,278,22,184,17,37,318,4,114,635,Java,True,True,True,True,False,9829
1448,182,278,18698,28,144,6763,2,1508,131790,C++,True,True,True,True,False,9828
670,110,93,12007,400,525,4475,77,2663,1008971,Go,True,True,True,True,False,9825
837,130,11,128,5,46,46,11,35,24122,Python,True,True,True,False,False,9820
1443,248,197,2048,5,492,4118,12,2626,28525,C++,True,True,True,True,True,9819
1163,84,32,803,3,0,151,0,122,234910,Jupyter Notebook,True,True,True,True,True,9815
817,97,125,2982,18,50,1592,10,1168,111895,Go,True,True,True,True,False,9815
6039,402,391,96108,75,2548,69122,841,49629,649608,C,True,True,True,True,False,9807
1969,407,145,2534,8,16,1078,9,376,221196,GLSL,True,True,True,True,False,9806
1805,444,25,222,2,0,73,0,39,26110,Rich Text Format,True,True,True,False,True,9805
959,100,61,1605,10,53,453,8,279,4259,Go,True,True,True,True,False,9805
2550,517,291,17336,10,1101,6835,137,3709,2202678,C++,True,True,True,True,False,9804
701,126,129,415,1,222,376,118,246,1236,Python,True,True,True,True,False,9799
522,112,42,257,5,12,292,1,144,26623,Go,True,True,True,True,True,9798
4316,514,4,46,14,105,69,22,26,16083,Java,True,True,True,True,False,9793
1740,374,150,4209,3,3,4046,3,1042,127169,C#,True,False,True,True,False,9789
886,156,74,1683,14,466,1159,11,514,152166,Java,True,True,True,True,True,9788
1094,310,122,3635,3,5,1129,3,428,5327,JavaScript,True,False,True,True,True,9788
430,79,13,1449,94,21,552,8,84,1375,C,True,False,True,False,False,9784
1185,181,344,36435,3335,4938,57371,393,40350,1201358,Go,True,False,True,False,False,9779
1452,269,65,705,8,133,497,23,222,16188,JavaScript,True,True,True,True,True,9779
1587,284,52,615,4,238,723,13,261,1858,Python,True,True,True,True,False,9778
755,159,213,9580,12,628,6789,12,3909,128852,PHP,True,False,True,True,False,9778
2250,638,192,1069,3,24,375,1,349,1050,,True,True,True,True,False,9775
663,167,107,3448,19,35,8022,3,3356,132887,JavaScript,True,True,True,True,True,9774
481,200,68,1676,11,97,814,11,228,18217,Python,True,False,True,True,True,9770
291,114,37,238,46,546,535,2,145,2022,C++,True,True,True,True,False,9770
906,227,140,2159,10,29,1233,4,739,3534,Swift,True,False,True,True,True,9767
827,144,90,1004,5,224,466,38,290,3666,Go,True,True,True,True,False,9767
814,576,42,1222,1,1,317,0,260,1403,Ruby,True,False,True,False,False,9764
2088,668,65,1058,5,46,852,0,124,15965,C++,True,True,True,True,False,9764
760,91,30,909,13,281,1222,5,546,5860,Python,True,True,True,False,False,9763
1579,427,63,1489,28,266,572,44,222,21752,JavaScript,True,True,True,True,True,9757
1770,207,110,814,21,41,1467,3,1062,35722,Vue,True,True,True,False,True,9756
1115,145,26,493,3,291,554,25,199,9344,JavaScript,True,False,True,False,True,9753
4065,319,368,113243,38,2015,71343,116,46050,8413985,C++,True,True,True,True,True,9751
423,91,97,457,7,23,630,7,230,1732,JavaScript,True,True,True,True,False,9748
703,112,30,187,2,170,239,7,99,1755,JavaScript,True,True,True,False,False,9748
2955,230,88,699,24,89,679,52,304,4359,JavaScript,True,True,True,True,False,9747
858,293,32,207,2,15,74,9,55,1748,JavaScript,True,True,True,True,False,9742
269,52,63,276,35,53,205,18,106,715,TypeScript,True,False,True,True,False,9734
1202,184,43,408,1,511,344,53,110,2346,Python,True,True,True,True,False,9732
510,153,67,646,9,185,294,17,148,795,Shell,True,True,True,True,False,9732
2015,84,444,2925,1,51,3017,14,1936,3713,Lua,True,False,True,True,False,9730
826,48,370,5192,7,281,6077,31,4381,7017,Scheme,True,True,True,True,False,9730
1063,156,36,638,1,205,272,10,69,46325,CSS,True,True,True,True,False,9729
1884,263,6,97,3,75,54,9,17,14399,Java,True,True,True,True,False,9729
1775,267,226,1316,8,166,2809,25,749,5259,Python,True,True,True,True,False,9723
601,309,6,172,1,5,11,0,6,591,,True,False,True,True,True,9721
1684,224,91,893,8,84,1341,8,498,3496,JavaScript,True,True,True,True,False,9721
667,240,84,2736,25,299,1724,53,1143,16309,Go,True,True,True,True,False,9718
2113,309,15,612,3,191,1075,2,41,29343,Java,True,True,True,True,False,9718
1767,328,63,528,1,174,290,5,141,676,Objective-C,True,True,True,True,False,9718
910,87,21,443,16,227,132,1,65,94890,Python,True,True,True,True,False,9717
501,164,42,437,5,156,327,7,155,48644,TypeScript,True,True,True,False,True,9717
1533,48,218,1567,1,30,623,0,521,1409,Markdown,True,True,True,True,True,9715
1277,71,24,201,1,0,248,0,89,226,Python,True,False,True,False,False,9714
4408,264,134,557,10,180,1349,56,507,1274,JavaScript,True,True,True,True,True,9710
1248,281,71,310,3,17,651,8,219,571,Go,True,True,True,True,False,9710
2874,351,352,86321,84,4515,53004,38,26233,3811212,C++,True,False,True,True,False,9708
2162,224,20,99,3,220,191,63,72,31762,Python,True,True,True,True,False,9706
1664,346,183,3367,41,153,2887,44,1728,105103,C++,True,True,True,True,False,9706
2898,542,179,6429,74,52,3672,5,868,287511,C#,True,False,True,True,False,9702
1284,420,54,864,4,37,243,5,82,16830,Python,True,True,True,True,True,9702
1127,133,344,2785,20,298,2451,14,1211,11617,Go,True,True,True,False,False,9699
1408,117,212,3562,35,33,3940,8,3134,81236,Python,True,False,True,False,False,9699
604,83,115,7871,14,398,4481,33,1725,133990,TypeScript,True,True,True,False,False,9695
2411,545,221,13114,11,182,8477,13,2195,133726,JavaScript,True,True,True,True,False,9694
608,135,17,253,2,75,175,25,64,256,Go,True,True,True,True,False,9693
1075,350,39,588,5,43,525,12,296,1815,Kotlin,True,False,True,False,False,9689
5723,454,22,160,14,106,364,37,178,29395,HTML,True,True,True,True,True,9689
6259,344,24,237,2,8,166,4,90,469,Python,True,True,True,True,True,9688
439,131,13,190,4,12,109,1,34,1400,Python,True,False,True,False,True,9688
696,289,26,235,1,0,56,0,35,278,,True,True,True,True,True,9688
779,158,183,256,3,8,262,8,262,291,,False,False,True,False,False,9684
316,128,13,406,7,31,165,4,72,1917,TypeScript,True,True,True,True,False,9684
689,143,150,1271,17,71,1257,4,751,146133,TypeScript,True,True,True,False,False,9684
1380,171,106,830,32,667,1323,133,438,40925,JavaScript,True,True,True,True,True,9684
638,159,19,587,16,8,653,0,72,1807,TypeScript,True,False,True,False,False,9684
513,125,44,1057,4,222,905,28,171,5368,Nim,True,False,True,True,False,9680
1400,215,69,962,8,14,658,2,313,16669,TypeScript,True,True,True,True,True,9679
2806,168,332,37951,19,2435,19278,270,15170,248791,Java,True,False,True,True,False,9678
257,52,39,194,3,116,265,20,197,3828,Java,True,False,True,True,False,9675
3557,643,5,271,1,49,28,30,16,41665,Go,True,True,True,True,False,9674
924,271,31,180,3,37,95,5,47,6126,C,True,True,True,True,False,9674
321,68,48,4003,2,175,1950,1,812,785763,C#,True,True,True,True,False,9673
302,99,78,2063,4,43,756,9,330,4108,PHP,True,False,True,True,False,9670
257,46,345,4079,32,0,85,0,85,6432,PHP,False,False,False,False,False,9664
1542,156,1,3,1,185,112,1,12,54746,Java,True,True,True,False,False,9663
9535,156,105,20030,10,6,2236,1,1440,238899,TypeScript,True,False,True,False,True,9661
1624,606,14,206,1,53,66,17,44,758,Shell,True,True,True,True,False,9659
1266,69,6,144,14,18,96,4,34,22710,TypeScript,True,True,True,True,False,9658
2048,409,12,383,4,179,110,4,21,13780,Java,True,True,True,True,True,9656
2682,500,16,74,1,16,88,13,64,232,Swift,True,True,True,True,False,9655
594,74,36,1612,22,421,670,2,60,80957,TypeScript,True,True,True,True,True,9655
1081,212,263,5118,1,67,5423,5,2651,39134,Python,True,False,True,False,False,9650
637,169,42,3867,271,155,1100,33,719,128108,TypeScript,True,False,True,False,False,9650
323,131,10,78,2,42,97,18,27,444,JavaScript,True,True,True,True,False,9648
1124,123,84,961,5,29,986,2,290,28315,C++,True,True,False,False,False,9646
715,52,35,542,1,247,454,7,86,3284,JavaScript,True,True,True,True,False,9643
963,70,12,902,19,308,892,10,123,4973,TypeScript,True,False,True,True,False,9643
1979,256,20,115,1,144,132,3,37,649,Java,True,True,True,True,False,9641
1148,246,73,2213,6,46,545,7,148,134501,C++,True,False,True,False,True,9641
630,230,11,615,3,17,135,12,46,77796,,True,True,True,False,False,9639
805,115,3,84,1,12,70,1,2,138737,Jupyter Notebook,True,True,True,True,False,9638
746,172,31,403,1,20,418,0,95,8964,TypeScript,True,False,True,False,False,9634
3510,172,341,1699,30,144,3333,71,1025,17586,Java,True,True,True,True,True,9633
854,105,260,1336,9,40,2140,19,1453,6724,Python,True,False,True,False,True,9626
2828,280,365,15347,20,2782,6469,175,3710,55698,Python,True,True,True,True,False,9625
2143,453,8,46,1,9,21,2,13,201,,True,True,True,True,False,9625
790,331,128,610,4,93,295,72,276,552,,True,False,True,False,True,9624
771,292,29,388,2,212,53,0,53,1173,C#,False,False,True,False,True,9622
793,98,263,3702,58,174,1703,19,508,5219,Go,True,True,True,True,False,9621
202,34,64,2613,25,66,2406,9,1396,31287,TypeScript,True,True,True,True,True,9620
1559,402,123,1067,11,261,1023,57,472,2503,Java,True,True,True,True,False,9619
1429,136,8,263,6,877,393,8,53,738,JavaScript,True,True,True,True,False,9619
360,516,31,109,1,46,67,46,67,146,,False,False,True,False,False,9615
687,304,127,1188,2,2,213,1,200,23691,,True,False,True,False,True,9615
655,96,74,9141,7,49,1301,5,276,103449,CSS,True,True,True,True,True,9614
2413,457,119,613,9,577,602,22,239,1589,Python,True,True,True,True,False,9612
926,152,46,555,4,349,441,161,251,1103,JavaScript,True,True,True,True,True,9612
1496,43,31,217,7,133,335,17,64,112871,Python,True,True,True,True,False,9610
1271,221,101,6423,255,176,4346,33,2563,15468,Go,True,False,True,True,False,9610
1302,387,386,7544,94,754,6812,87,5896,30571,Swift,True,False,True,False,False,9608
444,52,107,796,4,81,1189,11,498,3273,Rust,True,True,True,False,True,9606
702,111,306,10456,7,875,4306,144,2246,42735,C++,True,True,True,True,True,9604
303,195,19,131,3,62,123,4,51,184,,True,False,True,False,False,9603
996,250,81,2607,26,80,2324,18,1232,176727,JavaScript,True,False,True,False,False,9601
1506,96,23,188,1,316,117,31,83,856,,True,True,True,True,False,9600
310,101,45,332,2,28,168,7,98,307,Shell,True,True,True,True,False,9599
946,176,8,396,18,196,313,31,32,2524,JavaScript,True,True,True,True,False,9599
700,110,58,1452,3,99,570,7,159,87620,JavaScript,True,False,True,False,False,9598
1900,805,22,130,1,19,28,3,21,209,,True,True,True,True,False,9597
2664,439,8,182,4,172,174,22,28,3474,Java,True,True,True,True,False,9592
983,300,77,1850,23,342,793,6,215,72243,JavaScript,True,True,True,True,True,9591
403,116,113,13013,6,245,3138,3,1173,52593,Common Lisp,True,False,True,False,False,9591
368,112,9,627,3,7,384,0,21,5064783,JavaScript,True,True,True,True,False,9590
337,124,16,40,2,36,23,6,23,494,JavaScript,False,False,True,False,False,9590
4482,304,350,15466,19,1068,14629,43,3129,153196,CSS,True,True,True,True,False,9589
1573,219,80,799,2,101,1501,0,426,8435,Go,True,True,True,False,False,9588
480,107,5,85,2,38,63,1,20,6695,SCSS,True,True,True,True,False,9587
1683,113,26,618,4,25,278,2,177,4527,JavaScript,True,False,True,False,True,9586
2247,404,21,129,2,0,101,0,37,953,JavaScript,True,True,True,True,False,9584
6622,267,397,3098,195,937,3659,243,2934,648752,Jupyter Notebook,True,True,True,False,False,9583
689,79,13,627,2,23,93,4,26,35270,Go,True,True,True,False,False,9581
842,177,72,5533,10,10,1008,2,193,34383,C++,True,True,True,True,True,9581
774,158,73,2077,18,292,608,21,298,5528,C,True,True,True,True,True,9578
1074,116,54,4988,327,60,3771,21,3030,142100,TypeScript,True,False,True,False,False,9578
2524,293,52,851,5,34,1125,1,165,25261,JavaScript,True,True,True,True,True,9577
588,187,43,232,1,0,91,0,91,355,JavaScript,False,False,True,False,True,9572
768,93,328,3635,7,43,2556,3,1247,41761,JavaScript,True,True,True,False,True,9572
1328,121,1,4,1,10,2,1,2,10,,False,True,True,True,False,9571
1123,171,85,756,10,427,1092,38,308,37352,JavaScript,True,True,True,True,True,9571
1392,207,271,1867,18,207,1828,25,874,3531,Python,True,False,True,False,True,9566
853,147,140,1644,22,0,1357,0,507,9247,PHP,True,False,True,False,False,9565
1265,95,254,25531,30,2145,11575,114,6804,153927,TypeScript,True,True,True,True,False,9565
8751,772,192,3723,47,228,1050,3,913,471372,,True,True,True,True,False,9563
807,179,19,2725,1,62,203,10,77,121209,TypeScript,True,True,True,False,False,9557
1486,82,383,12381,433,213,9609,62,7928,201577,Python,True,True,True,True,False,9554
783,85,15,93,3,201,91,16,32,31232,Jupyter Notebook,True,True,True,False,False,9553
2072,373,7,54,1,269,96,55,43,261,JavaScript,True,True,True,True,True,9547
1722,226,341,3105,24,401,2773,109,993,4649,Python,True,True,True,True,True,9547
2114,656,15,212,1,10,34,2,20,324,,True,True,True,True,True,9544
4586,426,328,14399,1,586,5462,150,3217,238093,C++,True,True,True,True,False,9540
984,1252,260,1994,12,2,774,1,648,2254,,True,True,True,False,False,9539
744,182,79,1255,39,110,1699,16,931,4957,Kotlin,True,False,True,False,True,9539
1546,287,77,2440,9,290,1059,11,421,79806,Python,True,True,True,True,True,9537
431,223,13,220,3,262,724,0,19,1270,C++,True,True,False,True,False,9535
239,27,93,1074,12,99,902,31,302,51658,TypeScript,True,True,True,True,True,9531
1292,129,51,736,7,412,512,36,204,25007,JavaScript,True,False,True,False,True,9529
1102,202,312,26079,38,1610,7967,113,4312,78322,Python,True,True,True,True,True,9529
371,117,59,861,14,401,1722,9,404,33482,Python,True,True,True,True,False,9529
449,65,55,212,18,34,340,13,237,19215,C#,True,False,True,False,True,9527
1831,164,14,204,1,20,38,1,23,11465,,True,True,True,True,False,9523
871,112,22,458,13,495,340,43,99,4321,Python,True,True,True,True,True,9523
8925,449,354,95741,42,4133,33566,477,18896,560955,Go,True,False,True,False,True,9522
3782,447,1,108,1,111,123,19,19,77,Java,True,True,True,True,False,9522
1119,102,363,2866,3,18,3909,2,1286,31821,Vue,True,True,True,False,False,9521
2424,360,256,13906,49,796,7024,2,3413,102877,Kotlin,True,True,True,True,True,9519
2098,389,17,1126,7,259,212,6,57,3580,Java,True,True,True,True,False,9519
2006,333,69,528,2,179,484,20,255,2436,Objective-C,True,False,True,False,True,9518
565,90,169,4418,254,296,2967,12,2041,135659,C,True,True,True,False,False,9517
1980,232,18,166,2,136,104,3,52,2614,Go,True,True,True,True,False,9516
644,115,125,2932,36,657,6613,38,3114,50792,Python,True,True,True,True,False,9516
461,107,22,239,34,40,184,12,79,241,C,True,True,True,True,False,9515
1774,300,24,1149,12,36,792,1,145,6025,Java,True,True,True,True,True,9512
3279,304,47,617,4,7,626,4,203,2371,PHP,True,True,True,True,False,9511
1538,217,91,1264,2,119,1146,7,326,4064,Swift,True,True,True,True,False,9509
2694,488,105,17258,13,180,1221,2,291,382252,Java,True,True,True,True,True,9503
463,223,22,527,4,36,132,2,70,5067,JavaScript,True,True,True,True,True,9503
205,44,69,3164,20,232,4178,16,3456,21226,Rust,True,False,True,False,True,9501
1056,229,29,361,14,131,427,7,67,694,C,True,True,True,True,False,9500
628,162,13,138,2,2,19,1,13,231,JavaScript,True,True,True,True,False,9500
840,237,43,478,1,11,234,3,124,4241,Shell,True,False,True,False,False,9498
939,129,254,2743,7,269,2490,13,1852,78506,Python,True,False,True,True,False,9495
2268,351,42,361,2,301,695,33,135,2861,Java,True,True,True,True,False,9495
1019,94,68,1169,18,263,1257,31,1130,7081,Python,True,True,True,False,False,9494
1090,77,19,844,8,12,518,6,183,3899,Rust,True,True,True,False,False,9493
1214,191,52,501,2,0,91,0,71,3190,JavaScript,True,True,True,True,False,9486
5650,584,5,75,2,10,746,0,634,572350,Python,True,False,True,True,True,9483
1759,610,44,330,1,20,81,3,68,24851,,True,True,True,True,False,9481
2527,365,35,788,6,27,123,7,97,508354,Jupyter Notebook,True,True,True,True,False,9481
1086,96,209,7942,10,258,2917,60,1924,63259,Python,True,True,True,False,True,9480
1741,328,325,63594,22,2696,13856,75,8947,503154,C,True,True,True,True,False,9476
979,219,108,2200,49,491,1256,18,385,16238,Go,True,True,True,False,False,9473
1301,210,193,1514,44,215,1894,17,909,8488,Java,True,True,True,False,True,9473
2362,400,399,15565,107,434,6239,92,4523,70893,C,True,True,True,False,True,9472
2325,427,257,2206,3,32,2176,5,815,41186,C#,True,True,True,False,False,9472
2059,161,8,103,1,292,385,19,25,539,Python,True,True,True,True,False,9470
3856,664,96,2882,29,942,1997,15,1207,19570,Java,True,True,True,True,False,9468
1215,94,20,214,13,124,180,6,96,145223,Jupyter Notebook,True,True,True,True,True,9467
1204,153,83,1788,3,7,1185,3,763,9582,Go,True,True,True,True,False,9465
593,394,21,139,1,6,33,2,30,122,,True,True,True,True,False,9460
1677,376,62,1665,9,77,634,10,196,189804,PowerShell,True,True,True,True,False,9460
1323,143,5,46,1,113,92,3,9,3988,Jupyter Notebook,True,True,True,True,False,9458
679,99,104,504,5,67,653,7,255,3626,Go,True,False,True,False,False,9457
986,120,66,368,2,440,369,32,151,24060,Python,True,True,True,False,False,9455
3292,194,367,8629,12,27,8203,21,4432,14529,Ruby,True,True,False,True,True,9455
1622,414,1,4,5,104,161,9,39,176712,,True,True,True,True,True,9452
2009,580,30,222,1,35,59,9,43,518,Go,True,True,True,True,False,9451
572,77,91,511,3,343,1189,48,230,826,Vim Script,True,True,True,False,False,9447
743,240,5,8,1,3,12,0,5,27,,True,False,True,False,False,9445
862,275,100,1127,8,287,966,35,287,6432,JavaScript,True,True,True,True,True,9442
213,44,32,2560,24,48,903,18,862,51800,Go,True,True,True,True,False,9440
5297,411,309,113274,54,0,191,0,191,556217,C,False,True,True,False,False,9440
2069,438,134,4478,6,79,2973,2,912,22895,JavaScript,True,True,True,True,True,9438
1426,270,8,45,2,85,126,12,20,407,Python,True,True,True,False,False,9438
7986,963,5,197,14,142,1251,29,229,50863,JavaScript,True,True,True,False,False,9437
421,71,110,1958,2,30,1177,6,711,2111,Shell,True,True,True,True,False,9437
7231,3198,7,308,26,3,93,2,26,4487,TypeScript,True,True,True,True,False,9434
396,80,48,1413,95,451,1548,9,1124,32810,Go,True,True,True,True,False,9428
1639,536,1,81,1,9,2,1,0,99,,True,True,True,True,False,9428
596,144,189,5255,28,141,1222,39,665,93968,C++,True,True,True,False,True,9428
1780,228,46,1121,18,120,412,11,231,5730,C#,True,False,True,False,True,9422
1444,291,15,363,4,227,180,24,78,32885,JavaScript,True,True,True,True,True,9421
2012,261,158,16659,3,478,4996,1,2322,131606,C,True,True,True,True,False,9419
749,110,60,1517,6,94,799,9,255,4635,Swift,True,False,True,False,False,9416
1375,347,133,575,11,2,702,2,604,803,Ruby,True,False,True,False,False,9416
794,220,126,2009,3,14,3333,7,2142,39675,Go,True,False,True,False,True,9412
872,105,209,3229,20,261,3320,15,1769,205061,Python,True,True,True,True,True,9410
921,262,165,1902,19,163,2019,10,1165,6925,Python,True,True,True,True,False,9409
1006,167,343,25055,39,1185,6479,94,2109,62724,Python,True,True,True,False,False,9407
2303,443,5,12978,2,851,1661,252,587,109317,C,True,True,True,False,False,9405
850,118,103,1334,12,18,2016,7,888,9508,D,True,False,True,True,True,9399
403,143,38,659,5,53,442,8,186,1563,JavaScript,True,True,True,True,True,9397
569,100,180,2488,24,303,2098,40,1551,9585,Rust,True,True,True,True,True,9397
3467,922,109,3512,5,126,1164,2,628,11945,Java,True,True,True,True,False,9394
1653,255,235,1790,4,83,1807,15,975,2622,Ruby,True,True,False,True,False,9392
10514,21,191,694,4,46,1779,7,1308,175869,HTML,True,False,True,True,True,9391
788,112,39,205,3,243,492,15,140,15389,Python,True,False,True,False,False,9391
632,155,57,1324,55,12,1135,3,440,232648,TypeScript,True,True,True,False,False,9391
1119,129,392,3796,5,26,1169,12,874,501102,HTML,True,False,True,True,False,9389
1085,207,52,1111,22,542,790,40,182,13473,Rich Text Format,True,True,True,True,False,9388
1486,212,222,33722,877,2665,20389,298,6916,378244,C,True,True,True,True,False,9387
1695,510,69,360,3,20,144,5,118,1308,HTML,True,True,True,True,True,9382
892,159,1,202,1,372,5,4,1,1061,CSS,True,True,True,True,True,9377
1318,114,343,12171,5,238,6138,24,3795,40468,PHP,True,True,True,False,False,9376
1405,330,4,37,5,27,44,13,27,48,C,True,True,True,True,False,9374
487,164,14,338,5,19,245,5,140,6462,JavaScript,True,False,True,False,True,9371
1162,235,19,180,4,63,234,17,77,450,HTML,True,True,True,True,True,9369
1370,142,2,110,1,1,240,0,2,16233,Python,True,True,True,False,False,9364
556,181,20,326,12,72,475,8,107,1188429,CSS,True,False,True,False,True,9364
1155,299,19,215,1,27,274,2,58,11631,JavaScript,True,True,True,True,False,9363
717,138,71,14280,7,1406,2750,138,992,200539,JavaScript,True,True,True,False,False,9363
2097,212,366,9462,372,629,10596,80,4764,214427,TypeScript,True,True,True,True,True,9362
591,62,12,45,29,98,73,33,36,32439,Python,True,False,True,False,False,9362
3093,332,9,405,1,3,20,3,20,69557,,False,True,True,True,False,9361
774,95,85,1115,2,16,1019,0,382,1240,JavaScript,True,True,True,True,True,9358
2325,409,361,8552,4,309,4349,9,2834,24056,C++,True,False,False,False,True,9356
2056,233,21,138,1,214,149,70,82,1145,Python,True,True,True,True,False,9349
714,83,2,46,1,244,74,7,5,1657,JavaScript,True,True,True,False,False,9347
1110,363,20,79,2,21,70,4,33,2770,Objective-C,True,True,True,False,False,9346
2768,382,103,707,2,83,265,20,200,12300,C++,True,True,True,True,True,9346
955,202,348,12487,53,412,9618,34,2367,310464,C#,True,True,True,False,False,9340
2001,360,53,605,3,176,287,19,117,2598,JavaScript,True,True,True,True,False,9340
847,245,23,1512,13,163,483,2,209,5930,Go,True,True,True,True,False,9340
1269,223,50,169,1,2,69,0,65,129,,True,True,True,True,False,9337
651,660,73,1102,5,0,644,0,644,228933,PowerShell,False,True,True,True,False,9336
3123,593,83,1973,108,229,933,88,538,9514,JavaScript,True,True,True,True,False,9332
1282,98,2,946,4,331,171,4,20,9578,TypeScript,True,False,True,False,False,9330
1254,358,93,1387,9,186,1613,9,420,1684,PHP,True,True,True,True,False,9323
2632,320,106,857,16,245,1542,69,731,170801,Ruby,True,True,True,True,True,9322
1393,268,125,2065,13,782,2109,54,593,14939,JavaScript,True,False,True,False,True,9321
1624,335,36,242,4,58,172,3,83,11867,HTML,True,True,True,True,True,9319
309,181,20,160,3,56,114,5,51,431,JavaScript,True,True,True,True,False,9317
1158,285,40,906,28,67,623,6,425,267320,Jupyter Notebook,True,True,True,True,True,9315
2030,342,1,1,15,90,94,16,32,8229,PHP,True,True,True,True,False,9314
681,91,17,433,3,49,149,21,62,30878,Python,True,True,True,True,False,9313
1023,176,27,324,2,20,369,5,83,729,CSS,True,True,True,False,True,9313
479,201,33,757,13,53,195,11,182,1457,,True,True,True,False,False,9313
4163,737,3,53,7,74,32,29,25,7007,Python,True,True,True,True,False,9313
1475,140,11,206,9,5,755,0,95,27650,JavaScript,True,True,True,True,True,9313
2963,321,398,14607,4,1056,11610,139,5343,72268,Python,True,True,True,False,False,9311
271,30,105,688,32,62,886,17,621,7929,TypeScript,True,False,True,False,False,9308
117,20,49,722,8,10,360,0,271,1290,PHP,True,True,True,False,False,9308
1234,121,278,3131,16,573,2487,15,1118,54506,Go,True,False,True,False,True,9308
1903,402,233,1617,14,211,2196,5,1402,5978,Java,True,True,True,True,False,9308
1058,278,98,4689,648,305,5998,160,4183,207878,Go,True,True,True,False,False,9304
1329,241,152,3377,19,37,1372,14,864,6127,C,True,False,True,True,True,9304
2750,251,422,9705,77,240,10336,140,8394,4416262,Java,True,True,True,False,True,9301
1986,198,309,29634,255,30,8736,23,5356,681551,Python,True,False,True,False,True,9299
2761,472,15,308,1,71,72,3,24,89758,Swift,True,True,True,True,False,9293
1331,446,275,790,1,0,617,0,568,2000,HTML,True,False,True,False,True,9292
737,138,156,13956,4,142,4060,3,1215,35653,Lua,True,True,True,True,False,9289
1142,351,2,423,1,8,50,0,3,26777,,True,True,True,True,False,9287
1831,658,2,197,1,36,56,3,8,36915,C++,True,True,True,True,False,9285
522,196,17,175,2,23,111,13,68,959,CSS,True,True,True,True,True,9284
3609,222,3,280,4,190,130,11,16,2889,Shell,True,True,True,True,True,9284
1451,281,71,232,2,39,139,26,134,569,JavaScript,True,True,True,True,True,9280
2204,327,79,1131,7,211,649,33,187,1808,Python,True,True,True,True,True,9280
501,165,27,1997,2,21,1476,2,303,3339,JavaScript,True,False,True,True,False,9279
948,212,20,142,17,44,65,13,41,1145,C,True,True,True,True,True,9278
662,62,41,6239,32,139,1117,16,695,139003,Python,True,True,True,True,False,9277
446,33,69,10972,177,516,3420,26,2755,375986,TypeScript,True,True,True,True,True,9276
1987,148,70,543,17,288,3607,28,395,119035,C++,True,False,True,False,False,9275
257,62,28,1365,3,339,1331,7,180,42274,Rust,True,True,True,True,False,9275
793,124,125,1044,6,347,1178,41,663,4423,TypeScript,True,False,True,True,True,9273
436,147,11,265,1,386,204,3,23,23196,Objective-C,True,True,True,True,False,9273
796,234,28,2559,6,724,160,12,160,39301,C++,False,True,True,True,False,9272
1031,75,296,1041,6,430,1755,78,840,1975,Rust,True,False,True,False,False,9267
1011,349,67,321,4,138,327,0,153,2977,PHP,True,False,False,False,False,9266
252,61,35,250,6,51,230,12,150,4429,Go,True,True,True,True,True,9263
1412,341,193,1357,5,71,663,12,464,112069,JavaScript,True,True,True,True,True,9261
660,271,2,2,1,0,452,0,415,57,Go,True,True,True,False,False,9257
4206,545,1,100,1,1,127,0,18,67974,Jupyter Notebook,True,False,True,False,False,9256
2373,285,249,1751,53,75,3227,2,1951,112059,Python,True,False,True,False,False,9254
2882,355,159,2552,89,316,2148,45,856,18103,TypeScript,True,True,True,False,True,9251
319,99,58,958,1,14,82,5,63,2066,,True,True,True,True,False,9248
690,68,33,1012,5,15,280,1,173,8033,Python,True,True,True,False,False,9247
341,210,32,271,6,67,219,7,156,13039,C++,True,True,True,True,False,9245
233,34,68,613,1,30,915,2,466,2829,Rust,True,True,True,True,False,9244
2506,178,79,230,5,530,827,30,264,6842,Python,True,True,True,False,False,9244
2382,606,5,83,1,58,50,5,12,14981,VimL,True,True,True,True,False,9244
522,204,13,784,3,66,171,7,59,3258,JavaScript,True,True,True,True,True,9243
671,136,100,3983,17,197,3094,26,1736,63170,C#,True,True,True,True,True,9234
607,98,76,398,1,81,626,20,299,669,Go,True,True,True,True,False,9233
566,59,17,673,15,218,627,2,130,71704,C++,True,True,True,True,False,9232
1871,435,2,34,2,9,14,5,6,75552,PHP,True,True,True,True,True,9227
734,130,126,1701,16,18,1858,5,1080,45018,Go,True,True,True,False,True,9225
2839,591,4,153,4,0,49,0,49,68445,JavaScript,False,True,True,True,False,9224
1529,285,1,75,1,22,24,1,1,4104,,True,True,True,True,False,9223
2238,197,104,2933,6,228,914,7,439,83172,Jupyter Notebook,True,True,True,True,False,9223
1317,314,123,11403,63,573,5784,19,4227,326676,JavaScript,True,True,True,False,False,9223
303,27,25,288,2,133,185,25,61,1904,TypeScript,True,False,True,False,False,9220
886,148,68,586,3,26,611,4,272,818,Go,True,False,True,False,False,9219
934,306,222,4434,30,56,5379,32,4119,31922,Shell,True,False,True,False,False,9215
2262,480,177,14553,19,326,4802,44,679,151981,Python,True,True,True,False,True,9212
1529,521,19,137,2,16,57,2,28,502,C++,True,True,True,True,False,9208
1270,125,408,5078,30,360,6381,6,4204,1080717,Go,True,True,True,True,False,9207
3652,213,9,149,5,11,457,0,78,2924,Shell,True,True,True,True,False,9207
710,104,170,571,3,226,873,55,397,904,Rust,True,False,True,False,False,9206
1205,343,113,2090,29,138,6800,0,1525,5347,Shell,True,True,True,False,False,9205
683,99,91,766,5,134,657,12,354,1346,TypeScript,True,False,True,False,False,9204
654,272,36,1144,3,107,344,13,171,29507,JavaScript,True,True,True,False,False,9202
316,75,6,76,5,18,39,0,13,15504,,True,True,True,True,False,9201
2854,268,265,5339,91,47,8793,15,4704,11002,PowerShell,True,True,True,True,False,9200
1007,165,28,873,9,35,539,2,131,34995,Go,True,True,True,True,True,9199
1410,502,39,2690,23,130,801,18,462,25902,Python,True,True,True,True,False,9198
3982,430,271,3277,15,0,5469,0,931,21101,C#,True,False,True,False,False,9197
1191,433,52,570,10,87,207,9,139,27723,Go,True,True,True,True,False,9196
892,123,4,32,1,13,5,0,2,55,,True,True,True,True,False,9195
1016,61,215,12146,558,585,3177,90,1353,241982,Python,True,True,True,True,True,9195
337,56,118,3620,59,99,3268,27,2677,273592,Rust,True,False,True,False,True,9193
780,367,183,6165,14,3,186,2,186,18812,Clojure,False,True,True,True,False,9190
1881,297,4,38,6,63,63,5,20,40701,Python,True,True,True,True,False,9185
764,103,42,3432,13,272,1506,11,780,59772,JavaScript,True,True,True,True,False,9184
22445,159,37,519,1,0,529,0,211,26890,Shell,True,True,True,True,False,9183
1576,285,22,796,3,196,349,17,85,2329,Python,True,True,True,False,True,9182
1338,149,159,3033,3,46,2747,2,563,9405,Python,True,False,True,True,True,9181
645,137,97,8517,120,64,3066,6,858,100625,C,True,True,True,True,True,9178
630,234,38,404,3,47,281,9,159,617,JavaScript,True,True,True,True,True,9171
2682,347,361,5994,147,9,2773,4,2525,463349,C,True,False,True,True,False,9171
780,74,16,282,3,210,456,1,31,4595,Kotlin,True,True,True,False,False,9171
2014,414,36,852,2,22,615,3,168,3087,Python,True,True,True,True,False,9170
3519,547,154,1843,11,59,2455,8,736,12124,PHP,True,True,True,True,True,9168
1913,411,451,5318,27,17,3868,9,3183,284895,,True,True,True,False,False,9166
5973,715,233,42637,4,1521,28109,63,7157,1208216,C++,True,False,True,True,False,9165
2444,449,162,6302,6,90,4234,6,1425,121321,C#,True,False,True,True,True,9161
2262,59,98,1326,16,401,1749,61,1052,118525,CSS,True,True,True,True,True,9156
2438,517,56,950,2,253,888,7,173,25513,C,True,True,True,True,True,9153
1748,95,18,482,9,20,46,11,13,3382,Java,True,True,True,True,False,9151
3149,276,14,185,1,144,129,21,28,90527,Python,True,True,True,True,False,9150
801,334,75,1667,3,449,566,11,218,6664,JavaScript,True,True,True,True,False,9148
768,161,292,7535,2,333,4682,23,1327,14475,C,True,False,True,False,False,9148
1623,170,7,1037,3,73,983,0,19,29032,Java,True,True,True,True,False,9147
2829,406,7,351,9,40,89,5,34,32180,Java,True,True,True,True,False,9145
10722,576,335,63923,1211,3415,43444,328,18908,727498,PHP,True,True,True,True,False,9144
350,69,16,212,1,77,72,7,27,93899,Swift,True,True,True,True,True,9144
2278,91,10,49,1,72,56,36,29,29,Python,True,True,True,True,False,9143
3380,193,98,3678,1,0,2388,0,1052,107723,PHP,True,True,True,False,False,9140
385,81,29,1083,5,13,642,3,603,10714,Rust,True,False,True,False,True,9139
877,85,40,353,23,231,635,18,453,12407,Vue,True,True,True,False,False,9139
382,77,143,768,3,78,1302,2,651,3812,Python,True,False,True,False,True,9138
878,259,60,384,2,107,228,24,124,336,Python,True,True,True,True,False,9138
375,54,149,1392,4,91,1268,7,391,15969,Shell,True,True,True,True,True,9136
1905,380,75,916,2,48,891,2,191,3327,C,True,True,True,False,True,9135
754,97,5,89,4,253,97,16,16,61507,Python,True,True,True,False,False,9132
1414,316,146,3464,4,320,2329,18,1345,12434,C,True,False,True,True,False,9128
703,138,13,138,1,21,64,3,25,38097,Python,True,True,True,True,False,9128
406,46,3,108,3,35,107,12,29,1369,Python,True,True,True,True,False,9127
441,123,55,661,11,248,775,1,299,18812,C#,True,True,True,True,False,9125
3605,506,42,493,73,114,380,37,231,12011,Java,True,True,True,True,False,9121
1151,152,20,367,3,24,474,3,223,887,Go,True,True,True,True,False,9121
1490,116,385,5963,10,220,2544,3,1542,34573,TypeScript,True,True,True,True,False,9121
5727,385,366,4438,5,581,3146,74,2164,152829,C++,True,False,True,False,False,9119
721,101,88,2734,12,129,941,24,446,49775,Swift,True,True,True,True,False,9119
925,78,212,869,14,239,1343,52,794,81545,Rust,True,False,True,False,False,9116
1472,214,29,2529,18,63,768,15,205,27355,JavaScript,True,True,True,True,True,9115
49,13,41,447,6,7,203,1,153,792,PHP,True,True,True,True,False,9115
1696,330,29,615,2,172,477,10,70,13035,Cython,True,True,True,True,True,9112
2279,644,88,4732,156,48,4656,5,1040,44635,C#,True,True,True,True,True,9112
1666,314,148,4190,5,874,1533,47,448,37922,C#,True,False,True,False,False,9110
1211,87,114,3777,308,55,4366,9,3405,24936,Vue,True,False,True,False,False,9110
1031,218,101,1077,9,66,1080,12,325,1332,Swift,True,True,True,True,True,9110
338,86,80,1377,16,55,606,19,349,1600,Ruby,True,False,True,True,False,9105
1266,129,2,293,1,1,8,1,8,157,,False,False,True,False,False,9103
1647,173,202,2876,43,434,2878,134,2064,25776,Go,True,True,True,True,False,9099
312,61,123,2390,13,63,1346,3,566,6560,TypeScript,True,True,True,False,False,9098
880,315,107,1218,8,9,1115,3,555,3149,Ruby,True,False,True,False,False,9097
2129,401,4,1375,2,52,66,3,14,7036,Java,True,True,True,True,False,9097
4680,377,1,73,1,800,305,79,61,42427,C++,True,True,True,False,False,9095
801,276,50,464,6,46,259,6,161,3545,Python,True,True,True,True,False,9088
1399,302,130,1391,4,138,1652,1,893,45554,Python,True,True,True,True,True,9085
1667,130,85,3522,12,323,1956,14,768,56314,Python,True,True,True,True,True,9084
790,86,336,2717,28,247,1518,32,836,10733,Rust,True,True,True,True,False,9083
517,766,8,270,1,0,16,0,13,5679,,True,True,True,True,False,9080
1239,457,173,5927,14,343,3193,27,1747,41005,Scala,True,False,True,True,False,9074
340,71,31,538,6,65,188,3,92,2216,Swift,True,True,True,True,False,9072
585,123,139,3786,375,427,6396,76,4078,254854,TypeScript,True,True,True,True,False,9067
1102,130,24,82,1,3,67,0,45,144,TypeScript,True,False,True,True,True,9066
2134,76,68,199,1,723,1018,36,236,7708,Python,True,True,True,True,False,9065
533,82,88,5913,1297,188,2662,5,2029,274755,Go,True,True,True,False,False,9054
707,365,31,169,1,50,95,48,67,27569,,True,True,True,True,False,9054
259,37,125,2444,6,32,1296,13,1018,27385,Rust,True,False,True,True,False,9052
382,28,140,1686,25,189,1904,69,1422,12350,JavaScript,True,False,True,True,False,9051
5496,201,343,15995,7,236,6239,4,4329,276379,Java,True,True,True,True,False,9051
215,38,57,2048,12,95,1341,7,1036,69738,Rust,True,True,True,False,True,9046
673,64,9,138,2,25,98,2,56,336,Go,True,True,True,False,False,9046
1315,246,210,1603,5,72,1297,4,474,9864,JavaScript,True,True,True,True,True,9046
1186,431,147,13064,22,605,6342,32,4714,183938,JavaScript,True,True,True,True,False,9043
5264,798,349,3737,6,49,1392,42,1392,14911,Wikitext,False,False,True,True,False,9041
1302,66,30,1125,90,66,227,25,156,43082,Python,True,True,True,True,False,9042
527,105,18,102,2,56,81,7,50,38493,Python,True,True,True,True,False,9040
228,69,25,296,11,54,357,8,92,7349,Go,True,False,True,True,False,9034
303,166,23,162,4,39,100,3,44,1038,Go,True,True,True,True,True,9034
633,74,23,438,11,75,72,4,49,124242,Python,True,True,True,False,False,9031
1042,158,166,3012,18,320,1525,18,761,26949,JavaScript,True,False,True,True,False,9030
461,96,108,487,3,137,448,8,245,1546,JavaScript,True,True,True,True,False,9029
2435,178,363,1973,10,54,2648,15,840,3579,Ruby,True,False,True,True,False,9025
1513,137,280,6721,628,524,9183,71,4493,45902,Python,True,False,True,True,False,9024
842,186,28,4683,27,521,3361,24,106,57089,Objective-C,True,True,True,True,False,9023
692,234,6,1121,181,275,381,125,101,132324,JavaScript,True,True,True,True,True,9020
511,111,49,380,9,162,583,15,255,358,JavaScript,True,True,True,False,False,9019
3484,150,89,1156,197,2,724,0,724,347389,CSS,False,False,True,False,False,9013
463,71,30,143,9,0,455,0,168,46621,TypeScript,True,False,True,False,False,9013
1456,241,378,18432,28,1313,4884,162,2432,73689,Python,True,False,True,True,False,9012
704,149,208,2749,49,614,1249,72,688,9544,Python,True,True,True,True,False,9011
5132,624,170,14759,16,85,7107,20,962,1308071,C#,True,True,True,False,False,9009
19,7,12,172,3,2,75,2,69,155,PHP,True,True,True,True,False,9008
571,52,26,1498,7,87,875,1,712,40620,Python,True,True,True,True,False,9008
2232,503,6,74,4,254,173,45,48,8930,Java,True,True,True,True,True,9006
1765,146,8,302,7,449,391,8,17,126397,Java,True,True,True,True,False,9005
672,159,86,1892,63,229,1557,69,1138,19037,Rust,True,False,True,False,True,9002
637,99,76,2591,131,581,1643,56,415,6448,Python,True,False,True,True,False,9001
1020,47,170,1714,5,12,1729,0,525,15821,JavaScript,True,True,True,True,False,9001
805,90,100,143,1,2,155,0,134,436,,True,False,True,False,True,9001
807,101,141,8656,38,179,3359,14,1587,816757,Go,True,True,True,False,False,9000
468,127,13,624,170,12,284,8,276,1266,Dockerfile,True,True,True,True,False,8997
2236,519,6,813,3,114,676,16,60,487954,C,True,True,True,True,False,8997
423,157,23,323,15,21,179,12,101,4707,JavaScript,True,True,True,True,True,8997
1350,225,10,136,18,185,297,29,28,3398,JavaScript,True,True,True,True,False,8997
1017,122,17,143,18,83,93,11,68,194,Python,True,True,True,True,False,8994
401,64,23,337,32,126,290,3,120,11069,TypeScript,True,True,True,True,False,8992
3242,501,273,1599,1,30,973,8,716,1815,CSS,True,True,True,True,True,8990
2110,195,237,1431,67,338,3506,57,680,5682,JavaScript,True,True,True,True,True,8989
2964,191,409,3265,11,50,3742,5,1527,13546,Python,True,True,True,False,False,8987
1189,223,26,298,3,434,234,34,40,491,Go,True,True,True,True,False,8984
1123,262,29,583,7,101,339,5,169,7968,Python,True,True,True,True,False,8984
1058,64,175,2442,18,104,2723,6,1481,33237,Go,True,True,True,True,False,8983
766,141,145,3666,134,191,3120,21,1342,40835,Python,True,True,True,False,False,8979
1202,318,5,77,6,13,42,9,26,131,JavaScript,True,True,True,False,False,8978
700,111,6,498,2,163,94,5,65,12064,Python,True,True,True,False,False,8977
714,268,19,1600,35,514,272,50,86,37330,JavaScript,True,True,True,True,False,8973
547,137,135,32871,59,1553,16701,218,10254,86538,C++,True,True,True,False,True,8970
1148,385,34,3329,5,170,215,2,92,44907,C#,True,True,True,True,False,8967
631,412,366,11666,2,59,529,1,188,609629,C,True,True,True,True,False,8967
1839,217,18,154,4,99,126,14,32,532,Python,True,True,True,True,False,8964
414,130,29,1159,4,186,229,0,44,6623,HTML,True,False,True,False,False,8963
2378,629,125,1337,25,299,946,16,496,2624,C,True,True,True,True,False,8962
1268,603,281,1060,4,14,562,14,487,1210,Python,True,True,True,True,False,8959
1330,153,110,2240,60,62,1743,0,792,50566,Go,True,True,True,True,False,8957
761,235,38,336,3,5,134,1,127,500,JavaScript,True,True,True,True,True,8956
1525,344,6,114,3,118,270,7,26,1010,Java,True,True,True,True,False,8956
478,76,38,7490,110,115,2028,20,1754,200725,TypeScript,True,True,True,True,False,8955
1747,95,5,635,57,115,543,32,52,46386,Java,True,True,True,True,False,8954
1341,99,408,16981,18,229,8324,14,778,85921,Python,True,True,True,True,False,8949
887,94,22,490,12,426,275,24,64,88039,Jupyter Notebook,True,True,True,False,True,8949
1659,292,243,2306,13,454,3171,64,1149,20208,JavaScript,True,False,True,True,False,8949
997,237,64,896,3,14,534,1,347,4552,Shell,True,True,True,False,True,8944
896,97,118,800,5,70,970,10,330,2631,Python,True,True,True,True,False,8944
1316,874,10,169,4,14,49,0,25,151,,True,True,True,True,False,8944
599,245,79,332,1,1,167,0,138,255,,True,False,True,False,False,8943
1920,192,19,352,4,614,439,23,111,3478,Python,True,True,True,True,False,8942
1608,80,47,222,7,11,799,5,191,3920,Python,True,True,True,True,False,8942
270,47,47,165,1,19,216,0,90,679,JavaScript,True,False,True,False,False,8942
2047,635,2,149,1,1,26,1,4,345,Go,True,False,True,False,False,8940
280,94,57,587,35,207,972,23,607,10453,JavaScript,True,False,True,False,False,8939
294,66,68,3585,19,297,1645,19,613,14093,TypeScript,True,True,True,True,False,8935
306,50,89,2065,7,72,942,12,420,2164,PHP,True,False,True,False,False,8934
12346,237,400,63278,25,140,27785,41,26051,132925,JavaScript,True,True,True,True,False,8932
326,30,18,652,4,22,208,1,95,327,JavaScript,True,True,True,True,True,8926
557,203,51,1375,15,148,592,4,182,50411,Go,True,False,True,True,False,8925
1606,333,39,292,1,45,341,4,70,5007,C++,True,True,True,True,False,8924
318,20,159,2095,8,19,656,1,327,11620,TypeScript,True,True,True,False,False,8923
897,146,212,6859,45,203,5247,30,3330,40515,Go,True,True,True,False,False,8916
1119,78,130,1001,7,49,1744,10,301,8927,JavaScript,True,False,True,False,True,8916
676,414,4,39,1,6,11,5,7,92,,True,True,True,True,False,8912
1125,72,248,7769,39,116,8105,39,6562,374383,TypeScript,True,True,True,False,False,8911
2260,403,31,438,1,342,207,13,120,1368,Java,True,False,True,False,False,8905
886,139,44,1435,4,21,769,5,467,93620,JavaScript,True,True,True,False,True,8905
1209,184,43,2184,13,25,745,2,211,125774,Jupyter Notebook,True,True,True,True,False,8902
228,75,10,169,1,40,83,10,42,847,JavaScript,True,True,True,True,False,8901
2163,162,351,8848,46,407,9963,209,4042,84384,Java,True,True,True,False,False,8901
632,328,28,414,3,19,37,19,37,1143,Python,False,True,True,False,False,8899
383,126,26,232,1,102,100,26,49,473,JavaScript,True,True,True,True,False,8897
1098,174,372,41304,43,368,16511,30,9776,1270218,C,True,True,True,True,False,8896
437,48,28,2735,12,55,647,3,325,82916,Python,True,True,True,False,True,8896
22422,261,456,22285,22,921,31073,129,24088,340940,Markdown,True,True,True,False,False,8886
445,396,44,34710,19,113,575,4,414,34508,Haskell,True,True,True,False,False,8886
1997,156,89,4162,12,432,403,127,173,8985,Python,True,False,True,False,False,8886
632,231,26,3306,5,0,684,0,371,61501,JavaScript,True,False,True,False,False,8884
806,106,39,2244,3,3,802,2,532,34036,,True,True,True,True,True,8884
329,170,27,391,3,55,155,6,101,736,Python,True,True,True,True,True,8883
168,87,16,41,2,61,36,30,28,53,,True,True,True,True,False,8882
1969,514,19,362,6,478,230,7,30,11158,C,True,True,True,True,False,8880
871,126,211,3348,11,115,2988,9,2040,54718,Dart,True,True,True,False,True,8879
1850,579,198,2877,60,927,6151,16,3254,99729,C#,True,True,True,True,False,8874
2093,401,48,3638,2,11,104,1,104,13970,Java,False,False,False,False,False,8874
1547,169,3,220,1,1,15,1,12,2825,Python,True,True,True,True,False,8874
2442,37,213,1098,3,66,954,43,462,9476,HTML,True,False,True,True,True,8873
1183,343,48,2073,2,0,55,0,55,31940,,False,True,True,True,False,8872
308,65,52,1816,6,10,1377,2,874,5557,TypeScript,True,True,True,True,False,8872
224,71,44,443,2,14,206,5,115,388,Rust,True,True,True,False,False,8871
510,94,32,1349,1,44,1297,0,446,4686,Kotlin,True,False,True,True,True,8870
1149,230,20,261,2,16,297,0,68,573,JavaScript,True,False,True,False,False,8870
1978,315,134,3994,27,1045,1348,234,550,8288,Python,True,False,True,False,False,8869
684,85,48,1629,15,115,974,24,722,11766,Python,True,True,True,True,False,8868
463,46,27,314,7,62,118,5,67,58887,TypeScript,True,True,True,True,False,8865
1091,235,93,587,5,4,632,0,239,2141,Shell,True,False,True,False,True,8864
918,182,141,3593,37,313,2267,28,925,49611,TypeScript,True,True,True,True,False,8863
1355,456,71,961,1,2,222,1,123,1493,,True,True,True,True,False,8862
1560,407,49,995,8,197,116,25,116,18352,JavaScript,False,True,True,False,False,8860
1624,141,347,58224,169,1709,11695,136,8314,572740,Java,True,True,True,True,False,8859
1496,324,11,204,6,43,109,5,16,130622,JavaScript,True,True,True,True,False,8857
1055,201,23,48,1,18,48,13,43,54,,True,False,True,False,False,8857
538,102,55,583,28,75,725,20,366,45079,JavaScript,True,True,True,False,False,8856
472,78,31,738,11,77,780,10,581,1210,Go,True,True,True,True,False,8855
574,105,118,926,1,26,396,0,222,37071,Shell,True,False,True,False,True,8853
11436,53,1,70,1,225,183,4,25,4826,HTML,True,True,True,True,False,8852
5124,355,417,5313,6,76,6522,71,2388,180395,C,True,False,True,False,True,8851
773,116,16,55,5,118,43,21,20,369,Jupyter Notebook,True,True,True,True,False,8847
1667,1028,40,1764,44,42,268,36,268,27015,Java,False,True,True,True,True,8847
1069,333,117,1080,2,4,237,4,237,73613,Shell,False,True,True,True,False,8846
605,199,108,8982,4,22,2913,3,1110,40080,JavaScript,True,True,True,True,False,8843
1436,222,160,1823,29,56,2639,19,891,8846,C,True,True,True,False,False,8842
1664,208,10,168,1,502,498,34,29,21807,Objective-C,True,True,True,False,False,8841
547,185,37,4210,11,39,1844,2,1347,23835,Go,True,True,True,True,False,8840
1473,82,335,1955,33,151,2493,70,1032,18984,Go,True,True,True,False,True,8839
728,364,33,992,1,0,474,0,262,1369,PHP,True,False,True,True,False,8839
2754,82,397,3269,9,317,3438,72,1257,7903,JavaScript,True,False,True,False,False,8838
722,176,106,7424,15,7,594,7,594,112718,Kotlin,False,False,True,True,False,8838
2149,136,4,157,25,134,68,29,24,3965,Vue,True,True,True,True,True,8837
1264,251,69,1659,2,2,486,2,409,68498,Python,True,True,True,True,False,8837
1018,81,61,506,19,234,495,39,195,3633,JavaScript,True,False,True,True,True,8836
1179,271,241,2369,20,6,2207,4,482,20015,C#,True,True,True,False,True,8835
13047,550,265,1035,4,11244,3907,11239,3904,849,HTML,True,True,True,True,True,8835
547,125,37,527,16,122,408,27,114,4095,JavaScript,True,True,True,True,True,8833
4298,353,175,210919,69,46,50,46,50,3522581,,False,True,True,True,False,8832
887,422,182,5569,3,501,3523,52,2414,26090,Go,True,True,True,False,False,8823
509,78,1,20,1,114,427,1,12,94,,True,False,True,False,True,8822
1724,182,6,71,2,111,189,3,9,9364,Java,True,True,True,True,False,8819
351,78,12,107,1,18,30,18,30,288,TypeScript,False,False,True,False,False,8819
249,27,41,130,4,57,177,7,92,704,TypeScript,True,False,True,False,False,8818
2445,216,437,7058,38,204,12123,26,7004,340820,TypeScript,True,True,True,False,False,8817
1732,62,4,21,1,170,1742,0,1742,34,,False,True,True,False,False,8812
2098,329,26,763,3,13,682,3,194,39520,Python,True,False,True,True,False,8812
382,37,83,6797,171,210,3556,24,3021,131022,Svelte,True,True,True,False,False,8812
2535,84,4,81,2,30,61,5,24,104428,TeX,True,True,True,True,False,8807
1179,92,104,6756,81,653,2277,37,356,134306,TypeScript,True,True,True,True,False,8807
337,136,48,426,6,0,193,0,89,11728,Shell,True,True,True,True,False,8802
725,115,85,547,2,93,759,24,266,537,Ruby,True,False,True,True,False,8800
1156,218,75,1366,7,383,1746,19,355,7063,C++,True,False,True,True,False,8800
903,156,116,713,5,315,843,70,426,1087,Go,True,True,True,True,False,8799
3672,148,373,6648,82,264,6160,66,3620,104520,Go,True,True,True,False,False,8795
1007,299,107,10017,30,13,3060,10,1236,196156,JavaScript,True,False,True,False,True,8794
3087,417,179,12421,15,228,7788,6,4892,530466,C#,True,True,True,True,False,8793
667,181,13,101,2,16,21,7,13,27890,,True,True,True,False,False,8792
1836,515,1,28,1,11,7,7,4,23,,True,True,True,True,False,8792
1214,299,97,37068,1984,4204,22040,184,18717,683534,Go,True,True,True,False,False,8788
1162,134,9,70,9,33,71,9,44,381,Go,True,False,True,False,False,8785
646,83,38,879,22,223,595,56,322,7850,Go,True,True,True,True,False,8785
599,227,65,678,2,156,379,6,137,7515,C++,True,True,True,False,False,8782
400,34,38,1392,3,159,591,4,147,80688,JavaScript,True,False,True,False,False,8782
1853,442,7,2163,2,0,16,0,16,80374,Python,False,True,True,True,True,8782
761,57,101,621,4,188,596,46,273,4310,Vue,True,False,True,False,False,8780
1014,391,152,6304,5,2,2317,0,616,25753,Python,True,False,True,True,False,8780
2740,32,2,39,3,78,70,70,65,37,,True,True,True,True,False,8778
368,113,21,259,6,290,560,9,109,23845,Go,True,True,True,True,False,8777
995,193,8,613,4,142,341,2,69,109226,JavaScript,True,True,True,True,False,8776
447,73,106,705,5,206,1057,36,677,10799,C#,True,True,True,False,False,8775
488,65,8,25,4,84,57,10,32,134235,Python,True,True,True,True,False,8770
3820,239,253,2690,5,911,7458,95,3387,20501,TypeScript,True,True,True,True,False,8769
288,94,68,1294,5,77,922,1,615,94882,C++,True,False,True,False,True,8769
1651,142,346,2673,10,52,2686,5,864,5020,Ruby,True,True,True,True,False,8768
824,199,113,4864,16,128,5301,23,4093,51039,TypeScript,True,False,True,False,False,8768
549,168,20,207,329,53,245,34,96,2614,JavaScript,True,False,True,True,True,8767
1031,311,137,2925,18,119,961,15,623,11618,Go,True,True,True,True,False,8766
1224,128,54,915,1,3,203,3,173,5324599,Jupyter Notebook,True,True,True,True,False,8764
758,117,42,316,3,160,185,2,89,1128,TypeScript,True,True,True,True,True,8762
696,403,66,463,1,6,141,5,120,460,,True,True,True,True,False,8761
2250,306,6,41,3,108,346,37,129,5053,JavaScript,True,True,False,False,False,8761
1746,169,8,479,2,201,121,8,13,3158,Vue,True,True,True,True,False,8761
1831,238,132,5990,4,189,3788,18,723,8696,Python,True,True,True,False,False,8759
2311,488,254,1809,7,680,4879,64,1452,9509,JavaScript,True,True,True,True,True,8758
473,87,15,508,130,87,493,14,380,4291,Python,True,True,True,True,False,8757
1641,208,4,295,1,714,66,0,2,788853,,True,True,True,True,False,8757
922,121,172,1712,13,60,1790,6,1100,12227,TypeScript,True,False,True,False,False,8751
1448,291,244,71828,116,32,121,32,121,1165696,C++,False,True,True,False,False,8751
1485,392,62,308,1,3,115,2,83,315,Shell,True,True,True,True,False,8750
1357,80,50,1002,10,54,749,14,385,1366,TypeScript,True,False,True,True,False,8749
1446,557,232,8159,6,58,902,3,545,107489,Scala,True,False,True,False,True,8749
7308,545,94,1333,45,57,1455,19,715,32963,Java,True,True,True,True,False,8749
370,56,98,2914,4,32,995,5,410,58103,PHP,True,False,False,False,False,8747
333,167,23,109,1,4,70,3,62,88,,True,False,True,False,False,8746
1683,212,83,696,8,172,650,23,248,1653,Objective-C,True,True,True,False,True,8746
611,58,1,2,1,11,4,7,1,16399,Jupyter Notebook,True,True,True,True,False,8744
2709,302,4,188,2,335,327,86,86,21737,Objective-C,True,True,True,False,False,8743
898,124,16,830,1,264,757,1,59,11080,Python,True,True,True,True,False,8742
264,69,47,567,3,28,382,4,241,5379,Rust,True,True,True,True,False,8737
1060,128,10,329,7,946,644,53,82,356,Python,True,False,True,False,False,8734
850,87,299,40861,168,2284,5364,139,3307,6854065,C++,True,False,True,True,False,8727
301,41,60,1360,11,30,497,3,201,186993,TypeScript,True,True,True,True,False,8726
1221,327,38,433,26,293,525,70,96,80218,JavaScript,True,True,True,False,True,8725
1260,558,150,3771,2,101,1485,9,931,10353,C,True,True,True,False,False,8725
1618,246,5,132,1,12,18,0,7,2008,,True,True,True,True,False,8724
875,76,48,522,24,134,659,42,312,10544,Jupyter Notebook,True,True,True,True,False,8723
1070,69,168,1918,52,402,3715,65,2329,30382,Java,True,True,True,False,False,8717
385,122,14,955,32,40,122,6,26,22261,Go,True,True,True,False,True,8716
592,209,35,189,3,57,100,7,51,5270,JavaScript,True,True,True,True,False,8715
561,158,163,6819,51,447,3304,23,1757,25476,C++,True,False,True,True,True,8711
4703,968,17,477,2,29,64,16,64,4286,Java,False,True,True,True,True,8710
289,61,32,281,12,32,159,9,85,712,CSS,True,True,True,False,True,8709
1271,313,154,232,1,5,222,4,209,285,,True,True,True,True,False,8708
218,21,36,451,11,379,467,24,97,8668,JavaScript,True,False,True,False,True,8708
324,85,10,2020,5,38,161,0,30,11834,JavaScript,True,False,True,True,False,8708
690,106,131,2692,6,106,1737,20,462,42314,Kotlin,True,True,True,True,False,8707
961,230,0,16,9,50,19,13,11,34017,JavaScript,True,True,True,True,False,8706
730,85,97,1099,33,407,1012,67,491,7888,TypeScript,True,True,True,True,False,8706
581,349,65,260,1,115,152,39,102,258,,True,True,True,True,False,8703
2227,259,113,4830,33,240,4804,7,3059,1803759,JavaScript,True,True,True,True,True,8702
929,159,183,2944,2,14,3614,0,1470,23378,,True,True,True,True,True,8700
1704,274,31,336,8,45,167,8,85,3696,Dart,True,True,True,True,True,8699
2035,757,6,107,1,8,17,6,12,153,Java,True,True,True,True,False,8698
2892,176,394,4310,30,37,1287,1,213,26870,Go,True,True,True,True,False,8698
1621,290,86,970,6,398,609,78,302,2694,Java,True,True,True,False,False,8698
787,133,69,572,7,401,556,41,206,2523,JavaScript,True,True,True,True,True,8694
1096,63,95,794,28,202,1151,42,832,14793,Python,True,True,True,False,False,8691
786,281,75,699,1,51,260,23,154,542,,True,True,True,True,False,8690
1263,330,116,1586,2,26,755,1,321,33915,Perl,True,True,True,True,True,8688
4998,288,6,114,1,66,148,1,22,438,Python,True,True,True,True,False,8688
1574,545,19,1434,7,174,160,44,84,52274,Python,True,True,True,True,False,8687
518,124,158,2181,8,238,402,46,205,10570,C,True,False,True,True,True,8685
98,26,29,184,2,18,172,2,108,266,PHP,True,False,True,False,False,8683
480,60,34,527,3,35,270,12,134,3117,MDX,True,False,True,False,False,8683
1166,266,77,1672,36,87,1377,15,964,8686,Kotlin,True,False,True,False,True,8682
2030,165,4,50,2,6,23,1,4,159805,,True,True,True,True,False,8682
1697,220,111,628,19,125,351,38,256,52470,JavaScript,True,True,True,True,True,8680
1615,128,4,599,4,6,231,3,173,10737,Java,True,True,True,True,False,8679
1830,444,50,203,2,6,90,2,82,242,,True,True,True,True,True,8676
828,2157,113,897,40,344,1140,34,628,93654,JavaScript,True,True,True,True,True,8675
1137,106,214,1949,78,638,2500,44,1633,107982,Python,True,False,True,False,True,8675
1797,221,2,25,1,66,3,0,3,1324,Objective-C,False,False,True,False,False,8675
1105,238,56,1096,1,0,482,0,81,10291,C++,True,False,True,True,True,8673
3443,544,351,46979,7,57,17544,5,11040,109282,PHP,True,True,True,True,False,8672
850,329,32,338,5,119,176,16,85,1403,CSS,True,True,True,True,True,8671
4593,485,2,45,1,0,112,0,48,75,JavaScript,True,True,True,False,False,8670
301,59,59,238,6,145,271,34,135,8698,JavaScript,True,False,True,True,False,8670
975,161,218,2396,7,267,1685,41,643,13092,JavaScript,True,True,True,True,True,8670
782,217,37,2198,14,49,597,4,381,26794,Swift,True,True,True,True,False,8669
1221,95,5,298,1,70,125,1,41,31932,C#,True,True,True,True,False,8669
566,42,150,370,32,163,506,22,304,4517,TypeScript,True,True,True,True,True,8668
1169,133,117,1071,10,24,688,3,252,15552,JavaScript,True,False,True,False,True,8665
345,122,32,1089,1,61,404,5,121,2814,Go,True,True,True,True,False,8664
839,57,54,1708,10,44,1575,8,548,25548,TypeScript,True,False,True,True,False,8664
1730,373,2,144,1,13,27,8,6,512,Java,True,True,True,True,False,8664
1147,101,390,2395,28,170,1316,86,933,15528,TypeScript,True,False,True,False,False,8664
965,262,8,164,3,74,136,8,46,1616,JavaScript,True,False,True,True,False,8663
3062,494,305,11597,9,590,8523,173,5919,190087,C++,True,False,True,True,False,8662
1007,92,107,640,10,208,1412,36,678,1268,JavaScript,True,False,True,False,False,8662
606,105,1,10,1,1,1,0,1,63879,,False,True,True,True,True,8661
741,72,170,3953,2,261,2444,46,892,8074,Rust,True,False,True,False,False,8659
1228,237,92,572,3,3,264,2,223,1338,HTML,True,True,True,True,True,8659
939,307,113,725,3,28,312,11,259,3915,HTML,True,True,True,True,True,8659
2447,460,9,32,1,15,14,11,14,74,,True,True,True,True,False,8658
1917,330,218,36467,59,1,3357,1,3357,943673,Java,False,False,True,False,False,8651
1156,280,167,66328,35,271,4043,5,1164,596411,Java,True,True,True,True,False,8650
1191,49,18,496,1,148,538,5,74,17381,C#,True,True,True,True,False,8649
922,252,53,3504,4,38,2253,5,1972,20458,C++,True,False,True,True,False,8645
831,78,229,3401,335,163,4323,0,4323,298706,TypeScript,False,False,True,False,False,8643
517,63,26,991,164,27,1231,1,1132,79638,Rust,True,False,True,False,False,8639
2086,191,1,82,1,20,0,1,0,1397,,False,True,True,True,False,8638
553,275,44,986,4,397,485,19,82,2920,Shell,True,True,True,True,False,8637
520,92,86,2604,14,295,971,11,77,351042,C++,True,True,True,True,False,8634
1629,157,10,449,7,31,127,1,68,52147,JavaScript,True,True,True,True,False,8631
772,266,7,40,1,0,11,0,11,441,,False,True,True,True,False,8631
275,72,13,2169,60,79,1430,27,448,35623,Go,True,True,True,True,False,8630
2140,202,45,430,3,66,407,1,133,1479,,True,True,True,True,False,8621
580,347,21,736,55,91,102,9,34,894,C,True,True,True,True,False,8620
914,348,10,126,3,0,32,0,14,151,,True,True,True,True,False,8620
553,200,9,278,8,164,373,1,39,571,C,True,False,True,True,False,8619
918,92,107,555,5,29,418,11,211,3200,TypeScript,True,True,True,True,False,8616
202,68,54,8835,29,107,1283,0,756,210135,Go,True,True,True,True,True,8614
1203,180,20,146,1,23,51,17,51,32616,JavaScript,False,False,False,False,True,8613
308,53,53,523,4,100,319,9,130,1151,JavaScript,True,False,True,False,True,8609
768,102,246,6063,3,574,5468,52,2821,25202,PHP,True,True,True,False,True,8607
1304,279,17,425,8,73,244,6,74,13018,Go,True,True,True,False,False,8603
621,111,134,1128,7,182,1218,4,327,6648,Vim Script,True,True,True,True,False,8603
371,78,93,2074,9,502,3684,38,2801,10946,Go,True,True,True,False,True,8603
1805,145,1,403,10,51,64,8,10,159159,Dart,True,True,True,True,False,8602
2145,424,17,211,1,1,48,0,34,282,,True,True,True,True,False,8600
814,145,7,57,2,47,62,15,19,26393,JavaScript,True,True,True,True,True,8600
822,172,1,316,4,96,38,23,11,882,C,True,True,True,True,False,8595
5037,268,5,173,1,4,19,2,6,1132,Python,True,False,True,False,False,8594
1591,158,1,125,1,3,30,1,6,1141817,,True,True,True,True,False,8594
355,47,78,634,21,273,650,33,224,4266,Rust,True,True,True,False,True,8593
1094,211,33,309,5,94,395,12,87,1523,Java,True,True,True,True,False,8592
1836,325,16,962,18,60,302,2,62,57199,JavaScript,True,True,True,True,True,8590
1302,182,10,78,2,62,36,4,15,10241,Java,True,True,True,True,True,8590
294,39,395,4528,32,0,88,0,88,6800,PHP,False,False,False,False,False,8588
619,228,22,31,1,14,35,9,35,57,JavaScript,False,True,True,True,False,8587
183,26,54,1002,15,209,410,12,135,54389,TypeScript,True,True,True,True,False,8585
504,244,1,47,4,51,967,0,18,1549,,True,True,True,True,False,8582
756,173,93,1802,21,32,905,7,559,4656,C,True,False,True,True,True,8582
812,189,11,56,1,7,15,3,14,1797,,True,True,True,True,False,8581
665,135,239,1402,14,106,1055,20,656,2351,Python,True,True,True,True,False,8581
2085,86,24,258,3,9,89,7,89,19408,PHP,False,True,True,True,False,8581
4084,437,16,237,4,0,398,0,116,454,JavaScript,True,False,True,False,False,8580
1370,300,2,9,2,10,7,3,4,1408,HTML,True,True,True,True,True,8579
363,115,9,56,24,55,64,21,49,53019,TypeScript,True,False,True,False,True,8577
1575,83,3,85,1,86,94,1,11,74731,Python,True,True,True,True,False,8577
167,72,31,409,14,43,214,6,96,377,JavaScript,True,False,True,False,False,8574
639,294,31,200,2,52,64,30,57,300,,True,True,True,True,True,8569
1159,312,286,22696,10,227,2455,23,1177,2024585,Java,True,True,True,False,True,8564
494,242,120,446,2,27,197,17,183,358,,True,True,True,True,False,8564
2353,161,62,455,6,297,471,32,191,385,Shell,True,True,True,True,False,8564
949,415,232,2599,2,94,566,37,421,6403,,True,False,True,False,False,8563
182,51,20,272,6,79,104,23,32,380,Python,True,True,True,True,False,8562
160,31,1,16,1,0,3,0,3,4326,HTML,True,True,True,True,True,8559
296,33,54,876,2,206,627,3,243,5028,TypeScript,True,True,True,True,False,8559
3859,356,11,656,8,57,183,14,98,10069,Java,True,True,True,True,False,8553
1785,222,311,460,3,74,902,40,701,715,Ruby,True,False,True,False,False,8553
254,99,43,986,2,16,470,1,89,5465,Java,True,True,True,True,False,8553
2058,245,273,5427,10,1,5117,0,3263,500194,Go,True,True,True,False,False,8553
969,617,21,2376,10,199,469,4,69,111228,Java,True,True,True,True,True,8551
335,44,36,450,1,0,424,0,319,40483,HTML,True,False,True,False,False,8550
1378,94,203,1668,8,17,1692,6,972,15347,Kotlin,True,False,True,False,True,8547
517,62,23,12103,209,966,4708,26,726,224206,TypeScript,True,True,True,True,True,8547
3557,442,274,29908,17,471,2860,469,2860,430352,Java,False,True,True,False,False,8545
2038,572,13,511,3,36,291,12,43,52949,Java,True,True,True,True,False,8545
1064,250,180,5740,9,70,82,1,8,194276,C,True,True,True,True,False,8545
1028,249,287,22631,84,6017,16515,140,4036,753755,C,True,True,True,True,False,8544
1041,332,10,26,1,22,16,8,13,34,,True,True,True,True,False,8544
1728,131,118,5223,18,353,2922,4,988,267077,Jupyter Notebook,True,True,True,True,False,8543
736,120,83,1773,65,54,1476,9,581,10024,Rust,True,True,True,True,False,8543
2862,222,218,1585,8,35,1947,4,887,61110,Go,True,True,True,False,True,8540
2186,352,2,54,1,0,349,0,322,55464,Jupyter Notebook,True,True,True,False,True,8539
1154,143,2,24,1,39,31,24,21,248,Jupyter Notebook,True,True,True,True,False,8538
1437,65,209,2052,21,114,2341,2,929,3908,Shell,True,True,True,True,True,8537
1761,196,65,7924,2,1,4885,0,3530,393338,Python,True,True,True,True,False,8536
770,178,52,1931,98,35,669,1,340,538086,Swift,True,False,True,False,False,8536
2066,205,8,59,2,3,28,0,15,1055,Go,True,True,True,True,False,8535
235,38,77,604,1,4,624,1,398,3649,TypeScript,True,True,True,True,False,8535
1935,94,6,196,2,81,140,16,25,166,Python,True,True,True,True,False,8533
632,103,9,386,3,96,76,1,16,2556,JavaScript,True,True,True,True,False,8533
239,32,107,809,1,104,520,11,343,853,PHP,True,True,True,True,False,8530
492,123,122,1197,23,586,1102,45,337,8592,JavaScript,True,True,True,False,False,8528
780,119,6,212,6,126,313,11,26,5966,C++,True,True,True,True,False,8527
3135,461,9,227,208,4429,689,33,64,3802589,,True,True,True,True,False,8527
737,116,166,9734,42,168,2362,6,807,53425,TypeScript,True,False,True,True,False,8523
371,61,38,1418,24,121,831,9,113,8195,JavaScript,True,True,True,True,True,8520
501,119,27,1665,8,60,917,0,135,35333,C#,True,False,True,False,False,8520
269,54,2,11,1,69,21,50,13,42,,True,True,True,False,False,8520
669,80,24,100,1,58,402,15,155,182,Python,True,True,True,True,False,8519
1078,122,156,1695,11,60,1062,17,440,1543,Ruby,True,False,True,True,False,8519
900,268,21,4633,6,16,274,11,274,26283,C++,False,False,True,False,False,8519
2157,327,23,346,2,27,833,4,134,2716,Objective-C,True,True,True,True,False,8516
2380,71,21,159,1,92,385,7,42,48537,Python,True,False,True,False,False,8515
2095,200,31,156,3,140,247,27,77,260,Python,True,True,True,True,False,8512
2158,243,248,81331,154,53,15624,53,15624,1351227,Ruby,False,True,True,False,False,8509
1511,150,44,2460,17,93,1289,8,431,44417,TypeScript,True,False,True,False,True,8509
1106,81,129,2951,8,99,2110,0,463,23258,Python,True,True,True,True,False,8509
541,199,46,1725,44,260,990,14,353,16343,C,True,False,True,True,False,8509
1204,247,4,65,1,106,71,4,6,172394,Python,True,True,True,True,False,8508
3238,581,148,2513,5,125,1610,18,887,24340,Java,True,True,True,True,True,8506
514,113,16,442,8,199,1257,1,348,139918,C#,True,True,True,True,False,8505
338,79,65,4760,313,125,1820,39,1386,38773,Go,True,True,True,True,False,8505
2315,271,126,2990,10,784,2271,74,556,14859,C,True,True,True,False,False,8505
1356,300,95,5220,15,831,1737,3,461,263377,C#,True,True,True,True,False,8504
1085,214,153,1541,14,301,1072,49,774,41644,Go,True,False,True,True,False,8502
1239,417,72,2079,10,161,4725,23,474,25436,Shell,True,False,True,True,False,8502
293,61,16,236,4,13,119,3,85,280,Go,True,False,True,False,False,8501
443,90,224,2680,23,24,2393,4,1475,23685,TypeScript,True,False,True,False,False,8501
1607,362,4,269,2,17,47,2,11,60056,,True,True,True,True,False,8500
2467,637,13,949,2,9,48,0,32,19975,Shell,True,True,True,True,False,8499
234,337,23,1468,5,22,158,6,110,3718,Rust,True,True,True,True,False,8498
8903,103,394,29652,12,243,26120,48,18445,269868,Smarty,True,True,True,False,False,8496
499,30,62,28129,19,113,1389,5,1029,493852,Dart,True,False,True,False,False,8495
755,183,60,1745,17,54,1484,6,1335,9680,JavaScript,True,True,True,False,True,8494
5036,447,330,2235,22,67,1650,45,1223,3430,TypeScript,True,True,True,False,False,8494
1321,199,178,2546,29,184,3200,41,982,25522,C++,True,True,True,False,False,8492
988,128,21,734,8,239,117,13,66,664570,Vue,True,False,True,True,True,8490
2387,253,413,5418,22,511,3797,70,2100,36352,Go,True,True,True,True,True,8484
955,298,116,1408,31,11,1527,11,1527,380006,TypeScript,False,False,True,False,False,8484
1281,237,228,14726,2,52,3268,1,1177,148863,C++,True,False,True,True,False,8483
1357,213,207,3223,12,388,1877,19,685,12888,JavaScript,True,True,False,True,False,8479
1249,75,317,2454,208,287,5095,67,2910,240633,TypeScript,True,True,True,True,True,8477
562,155,185,4412,19,293,4235,25,2146,13781,Haskell,True,True,True,True,False,8476
1523,270,27,422,3,167,361,7,48,8343,Java,True,True,True,True,False,8474
1556,205,289,1522,3,165,1607,15,1040,2759,C++,True,True,True,False,True,8473
515,89,36,785,4,51,480,8,134,16639,C++,True,False,True,True,True,8471
5762,431,394,15813,30,935,14193,24,3003,76460,Java,True,True,True,True,True,8470
1117,127,333,15022,564,824,8465,273,5412,887277,TypeScript,True,False,True,False,False,8470
1209,271,33,233,4,105,147,5,48,2677,JavaScript,True,True,True,True,True,8469
70,21,105,1130,32,0,11,0,11,1073,PHP,False,False,False,False,False,8465
1906,239,79,400,17,0,640,0,392,445,Shell,True,False,True,True,False,8464
687,197,266,30248,324,1685,13406,173,8732,232909,C#,True,False,True,False,False,8463
374,42,225,3354,73,287,1234,22,457,13439,JavaScript,True,True,True,True,False,8461
2020,147,93,777,1,11,504,2,359,11314,Jupyter Notebook,True,True,True,True,False,8460
3436,374,355,8294,39,32,8542,21,6988,111075,Java,True,False,True,True,True,8459
631,140,120,1317,7,331,1128,58,399,7884,JavaScript,True,True,True,False,True,8459
419,106,93,1625,11,25,939,4,445,24030,TypeScript,True,False,True,False,True,8459
464,106,61,1082,3,349,936,20,552,40358,C#,True,True,True,True,False,8455
3909,173,449,3530,94,224,10578,30,2907,57455,Dart,True,True,True,False,False,8453
724,156,82,481,15,313,1067,13,481,34091,Java,True,False,True,True,False,8453
1125,289,45,248,1,12,274,2,141,432,SCSS,True,True,True,False,True,8452
471,126,61,3753,18,587,3065,2,383,65307,C#,True,False,True,True,False,8449
2813,430,46,320,43,43,1702,8,1587,216974,Shell,True,False,True,False,False,8449
565,233,46,7647,27,1032,1525,3,123,97832,C++,True,True,True,True,False,8447
4690,478,359,37309,55,212,28602,86,19756,1259014,Go,True,False,True,False,False,8446
264,80,2,62,2,47,72,5,10,168,Python,True,True,True,True,False,8445
783,83,41,405,15,106,264,8,104,10176,Python,True,True,True,False,False,8444
1618,413,15,1059,2,231,364,19,53,1451,Go,True,True,True,True,False,8444
4190,407,1,62,12,21,539,12,58,249,Python,True,True,True,True,False,8442
776,89,53,396,57,74,475,3,249,85146,Python,True,True,True,True,False,8441
2178,285,16,385,10,315,522,24,74,63626,Python,True,True,True,True,False,8439
1579,108,409,15679,6,551,9330,79,2666,122529,C,True,False,True,False,False,8438
818,83,22,511,7,48,260,0,77,3654,TypeScript,True,True,True,True,True,8437
2922,480,71,2426,4,65,528,0,417,160576,C#,True,True,True,True,False,8436
1043,204,66,1591,34,122,1088,27,649,96514,Go,True,False,True,False,False,8434
471,107,49,10969,196,431,1585,17,424,55000,C++,True,True,True,False,False,8433
1006,134,75,746,3,354,439,63,167,36944,Python,True,True,True,False,True,8433
1390,212,6,323,11,3,17,0,16,5378,,True,True,True,True,False,8432
1160,164,48,634,2,97,333,3,114,242627,Python,True,True,True,True,False,8432
838,116,6,52,11,63,42,17,15,54022,TypeScript,True,True,True,True,False,8432
887,23,11,53,1,23,53,8,40,471,TypeScript,True,True,True,True,False,8431
655,96,13,59,1,106,30,2,15,9536,Jupyter Notebook,True,True,True,False,False,8427
1513,239,31,770,8,276,606,19,120,40819,Java,True,True,True,True,False,8426
1952,528,190,3680,23,580,1989,0,1258,402293,Shell,True,True,True,True,True,8421
938,195,222,2586,4,154,1343,16,894,8784,C#,True,False,True,False,False,8420
1927,350,216,10415,51,132,4557,2,3422,163478,C++,True,True,True,True,True,8418
1301,104,15,2286,11,77,378,9,206,27606,,True,True,True,True,False,8417
642,144,119,1069,11,40,539,6,315,16418,Rust,True,True,True,True,True,8417
1120,69,29,741,21,147,834,20,606,21084,Python,True,False,True,True,False,8417
703,178,31,331,13,54,168,11,78,396,CSS,True,True,True,True,False,8416
23352,50,3,54,1,0,91,0,42,96,Dockerfile,True,True,True,True,False,8415
2402,394,11,339,1,22,76,6,33,11154,PowerShell,True,True,True,True,False,8411
724,241,94,3647,3,120,10359,0,230,12203,,True,True,True,False,False,8402
984,201,145,2471,223,256,3112,29,2273,87796,Python,True,False,True,True,False,8396
1160,146,79,946,9,308,718,7,218,13678,TypeScript,True,True,True,False,True,8396
478,121,67,798,5,54,464,9,181,6236,C#,True,False,True,True,False,8395
5786,107,8,144,2,90,386,19,77,231,JavaScript,True,True,True,True,False,8394
1259,275,15,165,3,108,72,31,34,504,Objective-C,True,True,True,False,False,8394
377,49,41,2564,2,12,1028,0,582,102759,TypeScript,True,True,True,False,False,8394
3369,385,51,3423,21,567,2794,34,609,13901,C,True,True,True,True,False,8393
4423,637,6,89,3,82,46,25,20,769,Python,True,True,True,True,False,8392
489,174,116,1055,1,70,324,3,62,38983,Kotlin,True,False,True,True,False,8390
1263,148,106,1154,5,270,1409,22,147,52074,Python,True,True,True,False,True,8390
1797,96,52,1250,1,714,1389,0,460,10909,JavaScript,True,False,True,False,True,8389
2653,480,392,8235,794,632,13317,90,9903,272000,Rust,True,True,True,True,True,8388
2065,111,163,838,4,287,1871,38,487,2870,Java,True,False,True,False,False,8387
579,132,4,216,3,11,41,0,17,13031,C++,True,True,True,True,False,8387
747,79,10,53,1,44,35,19,28,256,Python,True,True,True,True,False,8386
1236,70,116,289,2,108,605,28,395,560,Go,True,True,True,True,False,8383
1327,456,34,926,3,20,431,3,177,2984994,Prolog,True,True,True,True,False,8383
719,95,78,2082,613,120,3050,38,2718,142758,Python,True,True,True,True,True,8382
2931,271,3,43,1,41,192,4,21,267,Batchfile,True,False,True,True,False,8380
1210,206,51,2753,120,5,2061,3,1967,3267188,Swift,True,True,True,False,False,8377
1297,280,54,980,9,29,601,11,173,3748,JavaScript,True,False,True,True,True,8376
1177,289,9,122,1,0,57,0,19,622,SCSS,True,True,True,True,False,8376
5265,277,148,10378,657,2441,9460,174,4320,268400,JavaScript,True,True,True,True,False,8376
5915,402,209,41876,6,810,19483,75,10740,866828,JavaScript,True,True,False,False,True,8375
1623,201,91,1473,10,58,2798,1,418,194651,C++,True,True,True,True,False,8371
2611,100,38,1148,3,90,214,15,107,662353,Jupyter Notebook,True,True,True,True,True,8371
5542,269,156,251,1,57,283,35,249,283,,True,False,True,False,False,8369
1009,75,178,744,40,66,1596,13,735,6622,Python,True,True,True,True,True,8365
719,69,59,787,10,74,422,14,151,11973,JavaScript,True,False,True,True,False,8364
648,94,25,763,11,109,242,11,139,4518,Python,True,True,True,True,False,8361
57,18,127,1172,33,0,9,0,9,1277,PHP,False,False,False,False,False,8360
756,197,109,914,1,225,1168,4,648,1394,JavaScript,True,True,True,True,False,8359
615,54,159,6542,1075,1055,6646,231,4334,100746,Python,True,True,True,True,True,8356
468,98,43,711,37,4,571,1,169,2549,TypeScript,True,True,True,True,True,8355
1706,214,1,14,1,134,158,0,3,85875,HTML,True,True,True,True,True,8355
606,75,96,1646,26,83,1175,17,667,36654,Go,True,False,True,False,False,8354
871,180,11,329,2,82,150,7,49,1636,Java,True,True,True,True,False,8350
678,103,66,1879,8,22,1153,3,242,33787,Go,True,True,True,True,False,8350
243,79,70,1947,29,78,2904,10,2188,20574,Go,True,False,True,False,False,8349
2416,237,13,182,2,466,433,57,54,10630,JavaScript,True,True,True,True,False,8349
1398,217,186,1620,19,50,1763,2,642,5833,TypeScript,True,True,True,True,False,8347
553,396,191,778,1,1,486,0,438,904,,True,False,True,False,False,8345
970,98,9,68,3,80,169,2,20,3593,Shell,True,False,True,False,False,8345
1019,176,2,153,1,121,134,3,8,50062,Python,True,False,True,True,False,8344
1290,387,123,1367,9,335,1075,9,529,1495,Shell,True,False,True,False,False,8339
3423,551,3,8,1,1,21,0,21,169,C,False,True,True,True,False,8333
1359,143,266,4741,27,522,6563,49,3283,51953,Go,True,True,True,True,False,8333
1812,289,2,35,1,357,236,1,7,458048,,True,True,True,True,True,8332
998,379,40,633,4,6,65,3,65,3151,Perl,False,True,True,True,False,8332
736,125,147,2407,12,917,3676,42,2184,64335,Go,True,True,True,False,False,8331
1086,229,65,1181,2,79,606,8,257,16262,Objective-C,True,True,True,True,False,8330
1650,88,114,2900,25,218,3489,4,1645,359059,Python,True,True,True,True,False,8330
